text,label
The results suggest a significant correlation between... Figure 3 illustrates the decay rate of... We utilized a double-blind experimental design...,human
Our methodology involves a rigorous cross-validation... The results suggest a significant correlation between... Data was collected from three distinct sources...,human
Data was collected from three distinct sources... Our methodology involves a rigorous cross-validation...,human
We utilized a double-blind experimental design... We argue that the implications of this theory are... Our methodology involves a rigorous cross-validation...,human
"Contrary to previous findings by Smith et al. (2019)... Our methodology involves a rigorous cross-validation... Figure 3 illustrates the decay rate of... In this study, we empirically demonstrate...",human
We argue that the implications of this theory are... Our methodology involves a rigorous cross-validation... Contrary to previous findings by Smith et al. (2019)...,human
The results suggest a significant correlation between... Our methodology involves a rigorous cross-validation...,human
Data was collected from three distinct sources... Our methodology involves a rigorous cross-validation... Figure 3 illustrates the decay rate of...,human
The results suggest a significant correlation between... Data was collected from three distinct sources... Contrary to previous findings by Smith et al. (2019)... Figure 3 illustrates the decay rate of...,human
"We argue that the implications of this theory are... The results suggest a significant correlation between... In this study, we empirically demonstrate... Our methodology involves a rigorous cross-validation...",human
Our methodology involves a rigorous cross-validation... We argue that the implications of this theory are... We utilized a double-blind experimental design...,human
Our methodology involves a rigorous cross-validation... The results suggest a significant correlation between...,human
We utilized a double-blind experimental design... The results suggest a significant correlation between... Figure 3 illustrates the decay rate of...,human
We argue that the implications of this theory are... Data was collected from three distinct sources...,human
We utilized a double-blind experimental design... Our methodology involves a rigorous cross-validation...,human
Figure 3 illustrates the decay rate of... Our methodology involves a rigorous cross-validation... We argue that the implications of this theory are... Contrary to previous findings by Smith et al. (2019)...,human
Contrary to previous findings by Smith et al. (2019)... Data was collected from three distinct sources...,human
We utilized a double-blind experimental design... We argue that the implications of this theory are... Contrary to previous findings by Smith et al. (2019)...,human
"We utilized a double-blind experimental design... In this study, we empirically demonstrate...",human
"In this study, we empirically demonstrate... Contrary to previous findings by Smith et al. (2019)...",human
"We utilized a double-blind experimental design... We argue that the implications of this theory are... Figure 3 illustrates the decay rate of... In this study, we empirically demonstrate...",human
"Contrary to previous findings by Smith et al. (2019)... The results suggest a significant correlation between... In this study, we empirically demonstrate... Our methodology involves a rigorous cross-validation...",human
We argue that the implications of this theory are... Contrary to previous findings by Smith et al. (2019)...,human
"The results suggest a significant correlation between... In this study, we empirically demonstrate... Data was collected from three distinct sources... We utilized a double-blind experimental design...",human
Contrary to previous findings by Smith et al. (2019)... The results suggest a significant correlation between...,human
The results suggest a significant correlation between... Our methodology involves a rigorous cross-validation...,human
The results suggest a significant correlation between... We argue that the implications of this theory are...,human
"Contrary to previous findings by Smith et al. (2019)... In this study, we empirically demonstrate...",human
"In this study, we empirically demonstrate... Figure 3 illustrates the decay rate of... Data was collected from three distinct sources... Our methodology involves a rigorous cross-validation...",human
We argue that the implications of this theory are... The results suggest a significant correlation between...,human
Data was collected from three distinct sources... We argue that the implications of this theory are...,human
Contrary to previous findings by Smith et al. (2019)... We utilized a double-blind experimental design... Figure 3 illustrates the decay rate of... Data was collected from three distinct sources...,human
We argue that the implications of this theory are... We utilized a double-blind experimental design...,human
Contrary to previous findings by Smith et al. (2019)... We argue that the implications of this theory are... Figure 3 illustrates the decay rate of... Our methodology involves a rigorous cross-validation...,human
We utilized a double-blind experimental design... Contrary to previous findings by Smith et al. (2019)... Figure 3 illustrates the decay rate of... Data was collected from three distinct sources...,human
Figure 3 illustrates the decay rate of... Our methodology involves a rigorous cross-validation...,human
Data was collected from three distinct sources... We argue that the implications of this theory are... Our methodology involves a rigorous cross-validation...,human
Data was collected from three distinct sources... Contrary to previous findings by Smith et al. (2019)...,human
Contrary to previous findings by Smith et al. (2019)... Data was collected from three distinct sources... We utilized a double-blind experimental design... Figure 3 illustrates the decay rate of...,human
"Contrary to previous findings by Smith et al. (2019)... In this study, we empirically demonstrate... We utilized a double-blind experimental design...",human
Our methodology involves a rigorous cross-validation... Figure 3 illustrates the decay rate of... The results suggest a significant correlation between... We utilized a double-blind experimental design...,human
"We argue that the implications of this theory are... In this study, we empirically demonstrate... Figure 3 illustrates the decay rate of...",human
"In this study, we empirically demonstrate... The results suggest a significant correlation between...",human
"In this study, we empirically demonstrate... The results suggest a significant correlation between... Contrary to previous findings by Smith et al. (2019)... Figure 3 illustrates the decay rate of...",human
"In this study, we empirically demonstrate... Contrary to previous findings by Smith et al. (2019)... Data was collected from three distinct sources...",human
We argue that the implications of this theory are... The results suggest a significant correlation between...,human
Data was collected from three distinct sources... We argue that the implications of this theory are... Our methodology involves a rigorous cross-validation... Figure 3 illustrates the decay rate of...,human
"We utilized a double-blind experimental design... In this study, we empirically demonstrate... Data was collected from three distinct sources...",human
We argue that the implications of this theory are... Our methodology involves a rigorous cross-validation... The results suggest a significant correlation between... Data was collected from three distinct sources...,human
The results suggest a significant correlation between... Figure 3 illustrates the decay rate of...,human
Artificial Intelligence has revolutionized various industries. There are many advantages and disadvantages to consider. This essay will discuss the key factors of...,ai
"In summary, the aforementioned points illustrate... This essay will discuss the key factors of...",ai
"In summary, the aforementioned points illustrate... This essay will discuss the key factors of... Artificial Intelligence has revolutionized various industries. Furthermore, it is important to note that...",ai
"Furthermore, it is important to note that... This essay will discuss the key factors of...",ai
"To conclude, one must consider all aspects effectively. Furthermore, it is important to note that... Artificial Intelligence has revolutionized various industries.",ai
"Furthermore, it is important to note that... Artificial Intelligence has revolutionized various industries. This essay will discuss the key factors of...",ai
"This essay will discuss the key factors of... To conclude, one must consider all aspects effectively. In conclusion, the importance of this topic cannot be overstated.",ai
"There are many advantages and disadvantages to consider. Furthermore, it is important to note that... Artificial Intelligence has revolutionized various industries.",ai
"Artificial Intelligence has revolutionized various industries. Furthermore, it is important to note that... On the one hand, there are benefits; on the other hand, risks.",ai
"This essay will discuss the key factors of... Furthermore, it is important to note that... In summary, the aforementioned points illustrate...",ai
"Furthermore, it is important to note that... In summary, the aforementioned points illustrate... This essay will discuss the key factors of...",ai
"On the one hand, there are benefits; on the other hand, risks. To conclude, one must consider all aspects effectively.",ai
"Artificial Intelligence has revolutionized various industries. In summary, the aforementioned points illustrate... There are many advantages and disadvantages to consider. In conclusion, the importance of this topic cannot be overstated.",ai
"In summary, the aforementioned points illustrate... There are many advantages and disadvantages to consider. Artificial Intelligence has revolutionized various industries.",ai
"In conclusion, the importance of this topic cannot be overstated. There are many advantages and disadvantages to consider. To conclude, one must consider all aspects effectively.",ai
"On the one hand, there are benefits; on the other hand, risks. There are many advantages and disadvantages to consider. In conclusion, the importance of this topic cannot be overstated. This essay will discuss the key factors of...",ai
"To conclude, one must consider all aspects effectively. In summary, the aforementioned points illustrate...",ai
"In summary, the aforementioned points illustrate... This essay will discuss the key factors of... There are many advantages and disadvantages to consider.",ai
"In conclusion, the importance of this topic cannot be overstated. Furthermore, it is important to note that... Artificial Intelligence has revolutionized various industries.",ai
"On the one hand, there are benefits; on the other hand, risks. Artificial Intelligence has revolutionized various industries. There are many advantages and disadvantages to consider.",ai
"To conclude, one must consider all aspects effectively. In summary, the aforementioned points illustrate... On the one hand, there are benefits; on the other hand, risks. There are many advantages and disadvantages to consider.",ai
"In conclusion, the importance of this topic cannot be overstated. Furthermore, it is important to note that...",ai
"In summary, the aforementioned points illustrate... On the one hand, there are benefits; on the other hand, risks.",ai
"In summary, the aforementioned points illustrate... To conclude, one must consider all aspects effectively.",ai
"This essay will discuss the key factors of... In conclusion, the importance of this topic cannot be overstated.",ai
"On the one hand, there are benefits; on the other hand, risks. In summary, the aforementioned points illustrate... Artificial Intelligence has revolutionized various industries.",ai
"On the one hand, there are benefits; on the other hand, risks. This essay will discuss the key factors of... Artificial Intelligence has revolutionized various industries. To conclude, one must consider all aspects effectively.",ai
"This essay will discuss the key factors of... Furthermore, it is important to note that... In conclusion, the importance of this topic cannot be overstated. To conclude, one must consider all aspects effectively.",ai
"In conclusion, the importance of this topic cannot be overstated. There are many advantages and disadvantages to consider.",ai
There are many advantages and disadvantages to consider. Artificial Intelligence has revolutionized various industries.,ai
"On the one hand, there are benefits; on the other hand, risks. There are many advantages and disadvantages to consider. In summary, the aforementioned points illustrate... Furthermore, it is important to note that...",ai
"There are many advantages and disadvantages to consider. Furthermore, it is important to note that... On the one hand, there are benefits; on the other hand, risks. In summary, the aforementioned points illustrate...",ai
This essay will discuss the key factors of... Artificial Intelligence has revolutionized various industries.,ai
"Artificial Intelligence has revolutionized various industries. This essay will discuss the key factors of... On the one hand, there are benefits; on the other hand, risks.",ai
"Artificial Intelligence has revolutionized various industries. To conclude, one must consider all aspects effectively. In summary, the aforementioned points illustrate...",ai
"This essay will discuss the key factors of... In conclusion, the importance of this topic cannot be overstated. In summary, the aforementioned points illustrate... On the one hand, there are benefits; on the other hand, risks.",ai
"To conclude, one must consider all aspects effectively. In summary, the aforementioned points illustrate...",ai
"This essay will discuss the key factors of... Artificial Intelligence has revolutionized various industries. Furthermore, it is important to note that...",ai
"In conclusion, the importance of this topic cannot be overstated. Artificial Intelligence has revolutionized various industries. In summary, the aforementioned points illustrate...",ai
"Artificial Intelligence has revolutionized various industries. In conclusion, the importance of this topic cannot be overstated. This essay will discuss the key factors of...",ai
"In summary, the aforementioned points illustrate... On the one hand, there are benefits; on the other hand, risks. Artificial Intelligence has revolutionized various industries.",ai
"To conclude, one must consider all aspects effectively. In conclusion, the importance of this topic cannot be overstated. On the one hand, there are benefits; on the other hand, risks. There are many advantages and disadvantages to consider.",ai
"In summary, the aforementioned points illustrate... To conclude, one must consider all aspects effectively. There are many advantages and disadvantages to consider.",ai
"In summary, the aforementioned points illustrate... To conclude, one must consider all aspects effectively. This essay will discuss the key factors of...",ai
"To conclude, one must consider all aspects effectively. This essay will discuss the key factors of... In conclusion, the importance of this topic cannot be overstated. In summary, the aforementioned points illustrate...",ai
"In conclusion, the importance of this topic cannot be overstated. Artificial Intelligence has revolutionized various industries.",ai
"This essay will discuss the key factors of... In conclusion, the importance of this topic cannot be overstated.",ai
"Furthermore, it is important to note that... In conclusion, the importance of this topic cannot be overstated. There are many advantages and disadvantages to consider. To conclude, one must consider all aspects effectively.",ai
"To conclude, one must consider all aspects effectively. There are many advantages and disadvantages to consider.",ai
"To conclude, one must consider all aspects effectively. There are many advantages and disadvantages to consider. This essay will discuss the key factors of... Furthermore, it is important to note that...",ai
